{"cameraMode":{"drawMode":0,"name":"Shaded","section":"Shading Mode"},"sceneLighting":true,"audioPlay":false,"sceneViewState":{"showFog":true,"showMaterialUpdate":false,"showSkybox":true,"showFlares":true,"showImageEffects":true,"showParticleSystems":true},"in2DMode":false,"pivot":{"x":-10.088678359985352,"y":-3.2829151153564455,"z":-6.534148693084717},"rotation":{"x":0.0842059776186943,"y":-0.8203728199005127,"z":0.12524591386318208,"w":0.5515541434288025},"size":8.637006759643555,"orthographic":false}