{"cameraMode":{"drawMode":0,"name":"Shaded","section":"Shading Mode"},"sceneLighting":true,"audioPlay":false,"sceneViewState":{"showFog":true,"showMaterialUpdate":false,"showSkybox":true,"showFlares":true,"showImageEffects":true,"showParticleSystems":true},"in2DMode":false,"pivot":{"x":0.1466059535741806,"y":-4.8624837489796849e-8,"z":-0.22902773320674897},"rotation":{"x":-0.10373261570930481,"y":0.8565226793289185,"z":-0.1895660012960434,"w":-0.4686991572380066},"size":1.4249815940856934,"orthographic":true}